"Symbol","Name","LastSale","MarketCap","ADR TSO","IPOyear","Sector","Industry","Summary Quote",
"VNET","21Vianet Group, Inc.","20.33","818024126.03","40237291","n/a","Technology","Computer Software: Programming, Data Processing","http://www.nasdaq.com/symbol/vnet",
"JOBS","51job, Inc.","76.6","872382309.8","11388803","2004","Technology","Diversified Commercial Services","http://www.nasdaq.com/symbol/jobs",
"ACCL","Accelrys, Inc.","9.65","535577094.05","n/a","1995","Technology","Computer Software: Prepackaged Software","http://www.nasdaq.com/symbol/accl",
"ACIW","ACI Worldwide, Inc.","55.99","2214064024.81","n/a","n/a","Technology","Computer Software: Prepackaged Software","http://www.nasdaq.com/symbol/aciw",
"ACTS","Actions Semiconductor Co., Ltd.","2.48","105100790.48","42379351","2005","Technology","Semiconductors","http://www.nasdaq.com/symbol/acts",
"ATVI","Activision Blizzard, Inc","17.59","12230181794.55","n/a","n/a","Technology","Computer Software: Prepackaged Software","http://www.nasdaq.com/symbol/atvi",
"BIRT","Actuate Corporation","7.88","377762007.08","n/a","n/a","Technology","Computer Software: Prepackaged Software","http://www.nasdaq.com/symbol/birt",
"ACXM","Acxiom Corporation","32.47","2404734499.18","n/a","n/a","Technology","EDP Services","http://www.nasdaq.com/symbol/acxm",
"ADEP","Adept Technology, Inc.","9.77","106940192.44","n/a","n/a","Technology","Industrial Machinery/Components","http://www.nasdaq.com/symbol/adep",
"ADBE","Adobe Systems Incorporated","52.63","26309069914.75","n/a","1986","Technology","Computer Software: Prepackaged Software","http://www.nasdaq.com/symbol/adbe",
"ADVS","Advent Software, Inc.","32.87","1717658993.1","n/a","1995","Technology","EDP Services","http://www.nasdaq.com/symbol/advs",
"AGYS","Agilysys, Inc.","12.18","273321477.66","n/a","n/a","Technology","EDP Services","http://www.nasdaq.com/symbol/agys",
"AMCN","AirMedia Group Inc","2.23","96524990.27","43284749","1995","Technology","Advertising","http://www.nasdaq.com/symbol/amcn",
"AIXG","Aixtron SE","14","137623836","9830274","n/a","Technology","Industrial Machinery/Components","http://www.nasdaq.com/symbol/aixg",
"AFOP","Alliance Fiber Optic Products, Inc.","20.86","378048616.96","n/a","2000","Technology","Semiconductors","http://www.nasdaq.com/symbol/afop",
"ALLT","Allot Communications Ltd.","13.47","439315388.79","n/a","2006","Technology","Computer Communications Equipment","http://www.nasdaq.com/symbol/allt",
"MDRX","Allscripts Healthcare Solutions, Inc.","14.95","2662045034.35","n/a","1999","Technology","EDP Services","http://www.nasdaq.com/symbol/mdrx",
"AOSL","Alpha and Omega Semiconductor Limited","7.94","204042183.52","n/a","2010","Technology","Semiconductors","http://www.nasdaq.com/symbol/aosl",
"ALTR","Altera Corporation","37.48","11973817906.08","n/a","1988","Technology","Semiconductors","http://www.nasdaq.com/symbol/altr",
"AMBA","Ambarella, Inc.","21.63","596077268.85","n/a","n/a","Technology","Semiconductors","http://www.nasdaq.com/symbol/amba",
"AMSWA","American Software, Inc.","9.21","252521962.77","n/a","n/a","Technology","Computer Software: Prepackaged Software","http://www.nasdaq.com/symbol/amswa",
"AMKR","Amkor Technology, Inc.","4.68","1019568143.88","n/a","1998","Technology","Semiconductors","http://www.nasdaq.com/symbol/amkr",
"ASYS","Amtech Systems, Inc.","8.27","78889465.18","n/a","n/a","Technology","Industrial Machinery/Components","http://www.nasdaq.com/symbol/asys",
"ANAD","ANADIGICS, Inc.","2.1","175186701.9","n/a","1995","Technology","Semiconductors","http://www.nasdaq.com/symbol/anad",
"ADI","Analog Devices, Inc.","47.66","14807615702.44","n/a","n/a","Technology","Semiconductors","http://www.nasdaq.com/symbol/adi",
"ANEN","Anaren, Inc.","25.68","342164480.16","n/a","1972","Technology","Radio And Television Broadcasting And Communications Equipment","http://www.nasdaq.com/symbol/anen",
"ANSS","ANSYS, Inc.","86.38","7984689488.3","n/a","1996","Technology","Computer Software: Prepackaged Software","http://www.nasdaq.com/symbol/anss",
"ATNY","API Technologies Corp.","3.1","170023018.5","n/a","n/a","Technology","Semiconductors","http://www.nasdaq.com/symbol/atny",
"AAPL","Apple Inc.","508.89","462325038330","n/a","1980","Technology","Computer Manufacturing","http://www.nasdaq.com/symbol/aapl",
"AMAT","Applied Materials, Inc.","18.05","21711018090.35","n/a","1972","Technology","Semiconductors","http://www.nasdaq.com/symbol/amat",
"AMCC","Applied Micro Circuits Corporation","14.14","1033797430.12","n/a","1997","Technology","Semiconductors","http://www.nasdaq.com/symbol/amcc",
"AAOI","Applied Optoelectronics, Inc.","11.01","138773717.34","n/a","n/a","Technology","Semiconductors","http://www.nasdaq.com/symbol/aaoi",
"ARMH","ARM Holdings plc","49.62","6025323354.6","121429330","n/a","Technology","Semiconductors","http://www.nasdaq.com/symbol/armh",
"ARRS","ARRIS Group, Inc.","16.705","2307937692.385","n/a","1993","Technology","Radio And Television Broadcasting And Communications Equipment","http://www.nasdaq.com/symbol/arrs",
"ARUN","Aruba Networks, Inc.","18.75","2162260818.75","n/a","2007","Technology","Computer peripheral equipment","http://www.nasdaq.com/symbol/arun",
"ASTI","Ascent Solar Technologies, Inc.","0.97","52511541.7","n/a","n/a","Technology","Semiconductors","http://www.nasdaq.com/symbol/asti",
"ASIA","AsiaInfo-Linkage, Inc.","11.665","850105165.72","n/a","n/a","Technology","Computer Software: Prepackaged Software","http://www.nasdaq.com/symbol/asia",
"ASMI","ASM International N.V.","34.3565","150871278.849","4391346","n/a","Technology","Industrial Machinery/Components","http://www.nasdaq.com/symbol/asmi",
"ASML","ASML Holding N.V.","92.842","9537682149.026","102730253","1995","Technology","Industrial Machinery/Components","http://www.nasdaq.com/symbol/asml",
"AZPN","Aspen Technology, Inc.","34.9","3259211535","n/a","1994","Technology","EDP Services","http://www.nasdaq.com/symbol/azpn",
"ATEA","Astea International, Inc.","3.13","11228245.87","n/a","1995","Technology","Computer Software: Prepackaged Software","http://www.nasdaq.com/symbol/atea",
"ALOT","Astro-Med, Inc.","11.43","85325075.73","n/a","1983","Technology","Computer peripheral equipment","http://www.nasdaq.com/symbol/alot",
"ASUR","Asure Software Inc","5.1","30237777.6","n/a","n/a","Technology","EDP Services","http://www.nasdaq.com/symbol/asur",
"ATML","Atmel Corporation","7.3","3121308420.8","n/a","1991","Technology","Semiconductors","http://www.nasdaq.com/symbol/atml",
"ATTU","Attunity Ltd.","10.41","114968976.9","n/a","n/a","Technology","Computer Software: Prepackaged Software","http://www.nasdaq.com/symbol/attu",
"ADNC","Audience, Inc.","12.56","269091946.08","n/a","n/a","Technology","Semiconductors","http://www.nasdaq.com/symbol/adnc",
"ADAT","Authentidate Holding Corp.","1.16","41017863.32","n/a","n/a","Technology","EDP Services","http://www.nasdaq.com/symbol/adat",
"ABTL","Autobytel Inc.","8.28","73719812.52","n/a","1999","Technology","Computer Software: Programming, Data Processing","http://www.nasdaq.com/symbol/abtl",
"ADSK","Autodesk, Inc.","40.28","8982440000","n/a","n/a","Technology","Computer Software: Prepackaged Software","http://www.nasdaq.com/symbol/adsk",
"ADP","Automatic Data Processing, Inc.","74.19","35628180087.87","n/a","n/a","Technology","EDP Services","http://www.nasdaq.com/symbol/adp",
"AMAP","AutoNavi Holdings Limited","17.57","474678780.52","27016436","2010","Technology","Computer Software: Prepackaged Software","http://www.nasdaq.com/symbol/amap",
"AVGO","Avago Technologies Limited","46.06","11399565763.74","n/a","2000","Technology","Semiconductors","http://www.nasdaq.com/symbol/avgo",
"AVNW","Aviat Networks, Inc.","2.19","136611409.41","n/a","n/a","Technology","Radio And Television Broadcasting And Communications Equipment","http://www.nasdaq.com/symbol/avnw",
"AWRE","Aware, Inc.","5.28","119173459.68","n/a","1996","Technology","Semiconductors","http://www.nasdaq.com/symbol/awre",
"ACLS","Axcelis Technologies, Inc.","2.33","253659995.83","n/a","2000","Technology","Industrial Machinery/Components","http://www.nasdaq.com/symbol/acls",
"AXTI","AXT Inc","2.29","74670998.67","n/a","1998","Technology","Semiconductors","http://www.nasdaq.com/symbol/axti",
"BOSC","B.O.S. Better Online Solutions","3.99","4691019.06","n/a","n/a","Technology","Computer Communications Equipment","http://www.nasdaq.com/symbol/bosc",
"BIDU","Baidu, Inc.","165.91","45577434738","274711800","2005","Technology","Computer Software: Programming, Data Processing","http://www.nasdaq.com/symbol/bidu",
"BBSI","Barrett Business Services, Inc.","76.015","541354581.215","n/a","1993","Technology","Professional Services","http://www.nasdaq.com/symbol/bbsi",
"BV","Bazaarvoice, Inc.","10.25","764898029.5","n/a","n/a","Technology","Computer Software: Prepackaged Software","http://www.nasdaq.com/symbol/bv",
"BNFT","Benefitfocus, Inc.","48.6","1181565581.4","n/a","n/a","Technology","Computer Software: Prepackaged Software","http://www.nasdaq.com/symbol/bnft",
"BBOX","Black Box Corporation","30.74","493668200.02","n/a","n/a","Technology","Computer Communications Equipment","http://www.nasdaq.com/symbol/bbox",
"BLKB","Blackbaud, Inc.","40.1","1834570949.9","n/a","2004","Technology","Computer Software: Prepackaged Software","http://www.nasdaq.com/symbol/blkb",
"BCOR","Blucora, Inc.","24.53","1009410530.26","n/a","n/a","Technology","EDP Services","http://www.nasdaq.com/symbol/bcor",
"BPHX","BluePhoenix Solutions, Ltd.","4.05","43246163.25","n/a","n/a","Technology","EDP Services","http://www.nasdaq.com/symbol/bphx",
"EPAY","Bottomline Technologies, Inc.","31.03","1195770311.29","n/a","1999","Technology","Computer Software: Prepackaged Software","http://www.nasdaq.com/symbol/epay",
"BLIN          ","Bridgeline Digital, Inc.","0.95","16788666.95","n/a","n/a","Technology","Computer Software: Prepackaged Software","http://www.nasdaq.com/symbol/blin          ",
"BCOV","Brightcove Inc.","14.44","408942532.8","n/a","n/a","Technology","EDP Services","http://www.nasdaq.com/symbol/bcov",
"BRCM","Broadcom Corporation","27.16","15725640000","n/a","1998","Technology","Semiconductors","http://www.nasdaq.com/symbol/brcm",
"BSFT","BroadSoft, Inc.","36.87","1036644883.92","n/a","2010","Technology","Computer Software: Prepackaged Software","http://www.nasdaq.com/symbol/bsft",
"BVSN","BroadVision, Inc.","9.96","46974019.32","n/a","1996","Technology","Computer Software: Prepackaged Software","http://www.nasdaq.com/symbol/bvsn",
"BRCD","Brocade Communications Systems, Inc.","8.23","3639311579.94","n/a","1999","Technology","Computer peripheral equipment","http://www.nasdaq.com/symbol/brcd",
"BRKS","Brooks Automation, Inc.","9.5","631455414.5","n/a","1995","Technology","Industrial Machinery/Components","http://www.nasdaq.com/symbol/brks",
"BTUI","BTU International, Inc.","3.78","36079585.92","n/a","1989","Technology","Industrial Machinery/Components","http://www.nasdaq.com/symbol/btui",
"CA","CA Inc.","30.1","13714441117.3","n/a","n/a","Technology","Computer Software: Prepackaged Software","http://www.nasdaq.com/symbol/ca",
"CCMP","Cabot Microelectronics Corporation","40.54","944256342.18","n/a","2000","Technology","Semiconductors","http://www.nasdaq.com/symbol/ccmp",
"CDNS","Cadence Design Systems, Inc.","14.48","4111472398.72","n/a","n/a","Technology","Computer Software: Prepackaged Software","http://www.nasdaq.com/symbol/cdns",
"CAMP","CalAmp Corp.","26","921932232","n/a","1983","Technology","Radio And Television Broadcasting And Communications Equipment","http://www.nasdaq.com/symbol/camp",
"CALD","Callidus Software, Inc.","10.57","401850989.33","n/a","2000","Technology","EDP Services","http://www.nasdaq.com/symbol/cald",
"CSIQ","Canadian Solar Inc.","23.13","1066331603.97","n/a","2006","Technology","Semiconductors","http://www.nasdaq.com/symbol/csiq",
"CARB","Carbonite, Inc.","15.53","406664029.71","n/a","1992","Technology","EDP Services","http://www.nasdaq.com/symbol/carb",
"CAVM","Cavium, Inc.","40.44","2086167846.48","n/a","2007","Technology","Semiconductors","http://www.nasdaq.com/symbol/cavm",
"CRNT","Ceragon Networks Ltd.","3.76","138394951.68","n/a","1991","Technology","Radio And Television Broadcasting And Communications Equipment","http://www.nasdaq.com/symbol/crnt",
"CERN","Cerner Corporation","57.77","19821357825.5","n/a","1986","Technology","EDP Services","http://www.nasdaq.com/symbol/cern",
"CEVA","CEVA, Inc.","14.02","309328966.14","n/a","n/a","Technology","Semiconductors","http://www.nasdaq.com/symbol/ceva",
"CYOU","Changyou.com Limited","37.55","456419048.4","12154968","2009","Technology","Computer Software: Prepackaged Software","http://www.nasdaq.com/symbol/cyou",
"CHRM","Charm Communications Inc.","4.31","41269357.67","9575257","2010","Technology","Advertising","http://www.nasdaq.com/symbol/chrm",
"CHKP","Check Point Software Technologies Ltd.","58.41","11473842705.93","n/a","1996","Technology","Computer Software: Prepackaged Software","http://www.nasdaq.com/symbol/chkp",
"CNIT","China Information Technology, Inc.","5.06","136658496.48","n/a","n/a","Technology","Computer Software: Prepackaged Software","http://www.nasdaq.com/symbol/cnit",
"CMGE","China Mobile Games and Entertainment Group Limited","15.3","26695700.1","1744817","n/a","Technology","Computer Software: Prepackaged Software","http://www.nasdaq.com/symbol/cmge",
"CSUN","China Sunergy Co., Ltd.","6.15","65976941.7","10727958","2007","Technology","Semiconductors","http://www.nasdaq.com/symbol/csun",
"CCIH","ChinaCache International Holdings Ltd.","9.73","139428866.43","14329791","2010","Technology","EDP Services","http://www.nasdaq.com/symbol/ccih",
"CNET","ChinaNet Online Holdings, Inc.","0.9078","20177253.012","n/a","1996","Technology","Advertising","http://www.nasdaq.com/symbol/cnet",
"IMOS","ChipMOS TECHNOLOGIES (Bermuda) LTD.","17.51","589294619.97","n/a","n/a","Technology","Semiconductors","http://www.nasdaq.com/symbol/imos",
"CIMT","Cimatron, Limited","7.04","73194154.88","n/a","1996","Technology","EDP Services","http://www.nasdaq.com/symbol/cimt",
"CRUS","Cirrus Logic, Inc.","24.7","1567332201.5","n/a","1989","Technology","Semiconductors","http://www.nasdaq.com/symbol/crus",
"CSCO","Cisco Systems, Inc.","22.961","123632676365.613","n/a","1990","Technology","Computer Communications Equipment","http://www.nasdaq.com/symbol/csco",
"CTXS","Citrix Systems, Inc.","57.26","10729499446.82","n/a","1995","Technology","Computer Software: Prepackaged Software","http://www.nasdaq.com/symbol/ctxs",
"CLNT","Cleantech Solutions International, Inc.","6.27","21966957.54","n/a","1994","Technology","Industrial Machinery/Components","http://www.nasdaq.com/symbol/clnt",
"CLRO","ClearOne, Inc.","8.43","76544905.8","n/a","n/a","Technology","Radio And Television Broadcasting And Communications Equipment","http://www.nasdaq.com/symbol/clro",
"CKSW","ClickSoftware Technologies Ltd.","6.5","206545677","n/a","2000","Technology","Computer Software: Prepackaged Software","http://www.nasdaq.com/symbol/cksw",
"COBR","Cobra Electronics Corporation","2.8208","18647124.064","n/a","n/a","Technology","Radio And Television Broadcasting And Communications Equipment","http://www.nasdaq.com/symbol/cobr",
"CCOI","Cogent Communications Group, Inc.","35.1","1660002446.7","n/a","n/a","Technology","Computer Software: Prepackaged Software","http://www.nasdaq.com/symbol/ccoi",
"CTSH","Cognizant Technology Solutions Corporation","85.77","25848392112.45","n/a","1998","Technology","EDP Services","http://www.nasdaq.com/symbol/ctsh",
"CLRX","CollabRx, Inc.","4.43","8651612.8","n/a","n/a","Technology","Industrial Machinery/Components","http://www.nasdaq.com/symbol/clrx",
"CVLT","CommVault Systems, Inc.","87.33","4081110537.81","n/a","2006","Technology","Computer Software: Prepackaged Software","http://www.nasdaq.com/symbol/cvlt",
"CPSI","Computer Programs and Systems, Inc.","60.49","670232950.38","n/a","2002","Technology","EDP Services","http://www.nasdaq.com/symbol/cpsi",
"CTG","Computer Task Group, Incorporated","18.01","339051775.51","n/a","n/a","Technology","EDP Services","http://www.nasdaq.com/symbol/ctg",
"CPWR","Compuware Corporation","10.86","2331084219.54","n/a","1992","Technology","Computer Software: Prepackaged Software","http://www.nasdaq.com/symbol/cpwr",
"CMTL","Comtech Telecommunications Corp.","28.95","476476209.45","n/a","1972","Technology","Radio And Television Broadcasting And Communications Equipment","http://www.nasdaq.com/symbol/cmtl",
"CNQR","Concur Technologies, Inc.","110.04","6165335315.16","n/a","1998","Technology","Computer Software: Prepackaged Software","http://www.nasdaq.com/symbol/cnqr",
"CCUR","Concurrent Computer Corporation","7.28","67216553.04","n/a","n/a","Technology","Computer Manufacturing","http://www.nasdaq.com/symbol/ccur",
"CTCT","Constant Contact, Inc.","23.6","724063717.6","n/a","2007","Technology","Advertising","http://www.nasdaq.com/symbol/ctct",
"CSOD","Cornerstone OnDemand, Inc.","51.98","2672312592","n/a","n/a","Technology","Computer Software: Prepackaged Software","http://www.nasdaq.com/symbol/csod",
"CRRS","Corporate Resource Services, Inc.","3.69","578027400.48","n/a","n/a","Technology","Professional Services","http://www.nasdaq.com/symbol/crrs",
"COVS","Covisint Corporation","13.46","489984380","n/a","n/a","Technology","EDP Services","http://www.nasdaq.com/symbol/covs",
"CRAY","Cray Inc","23.54","939332956.76","n/a","n/a","Technology","Computer Manufacturing","http://www.nasdaq.com/symbol/cray",
"CREE","Cree, Inc.","73.862","8871875779.02","n/a","1993","Technology","Semiconductors","http://www.nasdaq.com/symbol/cree",
"CCRN","Cross Country Healthcare, Inc.","6.02","187131531.44","n/a","2001","Technology","Professional Services","http://www.nasdaq.com/symbol/ccrn",
"CRDS","Crossroads Systems, Inc.","0.94","11226331.64","n/a","1992","Technology","Computer peripheral equipment","http://www.nasdaq.com/symbol/crds",
"CSGS","CSG Systems International, Inc.","26.54","897067658.6","n/a","1996","Technology","EDP Services","http://www.nasdaq.com/symbol/csgs",
"CSPI","CSP Inc.","6.89","24078420.99","n/a","1982","Technology","EDP Services","http://www.nasdaq.com/symbol/cspi",
"CSRE","CSR plc","33.39","22975425.27","688093","n/a","Technology","Semiconductors","http://www.nasdaq.com/symbol/csre",
"CVV","CVD Equipment Corporation","10.26","62301233.7","n/a","n/a","Technology","Industrial Machinery/Components","http://www.nasdaq.com/symbol/cvv",
"CY","Cypress Semiconductor Corporation","9.54","1423984589.28","n/a","1986","Technology","Semiconductors","http://www.nasdaq.com/symbol/cy",
"DAEG","Daegis Inc","0.87","14254466.28","n/a","n/a","Technology","Computer Software: Prepackaged Software","http://www.nasdaq.com/symbol/daeg",
"DTLK","Datalink Corporation","13.92","315873795.36","n/a","1999","Technology","EDP Services","http://www.nasdaq.com/symbol/dtlk",
"DRAM","Dataram Corporation","2.3899","4193466.7138","n/a","1984","Technology","Electronic Components","http://www.nasdaq.com/symbol/dram",
"DWCH","Datawatch Corporation","28.74","188290196.22","n/a","1992","Technology","Computer Software: Prepackaged Software","http://www.nasdaq.com/symbol/dwch",
"TRAK","Dealertrack Technologies, Inc.","41.5","1815594912.5","n/a","2005","Technology","EDP Services","http://www.nasdaq.com/symbol/trak",
"DELL","Dell Inc.","13.83","24329200792.83","n/a","1988","Technology","Computer Manufacturing","http://www.nasdaq.com/symbol/dell",
"DGII","Digi International Inc.","9.99","256871741.13","n/a","1989","Technology","Computer Communications Equipment","http://www.nasdaq.com/symbol/dgii",
"DMRC","Digimarc Corporation","20.73","150572023.32","n/a","1999","Technology","EDP Services","http://www.nasdaq.com/symbol/dmrc",
"DGLY","Digital Ally, Inc.","13.5","28830114","n/a","n/a","Technology","Radio And Television Broadcasting And Communications Equipment","http://www.nasdaq.com/symbol/dgly",
"DRIV","Digital River, Inc.","18.57","636048795.12","n/a","1998","Technology","Retail: Computer Software & Peripheral Equipment","http://www.nasdaq.com/symbol/driv",
"DIOD","Diodes Incorporated","25.31","1179442431.29","n/a","n/a","Technology","Semiconductors","http://www.nasdaq.com/symbol/diod",
"DLHC","DLH Holdings Corp.","1.37","12765936.74","n/a","n/a","Technology","Professional Services","http://www.nasdaq.com/symbol/dlhc",
"HILL","Dot Hill Systems Corporation","2.95","173945177.65","n/a","n/a","Technology","Electronic Components","http://www.nasdaq.com/symbol/hill",
"DSPG","DSP Group, Inc.","7.4","166920934.2","n/a","1994","Technology","Semiconductors","http://www.nasdaq.com/symbol/dspg",
"DRCO","Dynamics Research Corporation","7.46","78357631.84","n/a","n/a","Technology","EDP Services","http://www.nasdaq.com/symbol/drco",
"EOPN","E2open, Inc.","22.28","590583089.6","n/a","n/a","Technology","Computer Software: Prepackaged Software","http://www.nasdaq.com/symbol/eopn",
"ELNK","EarthLink, Inc.","5.26","541776754.58","n/a","n/a","Technology","Computer Software: Programming, Data Processing","http://www.nasdaq.com/symbol/elnk",
"EBIX","Ebix, Inc.","11.39","432435268.58","n/a","n/a","Technology","EDP Services","http://www.nasdaq.com/symbol/ebix",
"ELON","Echelon Corporation","2.22","96001673.34","n/a","1998","Technology","Computer Communications Equipment","http://www.nasdaq.com/symbol/elon",
"SATS","EchoStar Corporation","47.97","4298764152.15","n/a","n/a","Technology","Radio And Television Broadcasting And Communications Equipment","http://www.nasdaq.com/symbol/sats",
"EDGW","Edgewater Technology, Inc.","5.84","63246732.8","n/a","n/a","Technology","Computer Software: Programming, Data Processing","http://www.nasdaq.com/symbol/edgw",
"EFUT","eFuture Information Technology Inc.","4.87","19369066.27","n/a","n/a","Technology","EDP Services","http://www.nasdaq.com/symbol/efut",
"EGAN","eGain Corporation","13.75","348028381.25","n/a","1999","Technology","Computer Software: Prepackaged Software","http://www.nasdaq.com/symbol/egan",
"ELRC","Electro Rent Corporation","19.22","461220917.72","n/a","n/a","Technology","Diversified Commercial Services","http://www.nasdaq.com/symbol/elrc",
"EA","Electronic Arts Inc.","25.03","7674644885.62","n/a","n/a","Technology","Computer Software: Prepackaged Software","http://www.nasdaq.com/symbol/ea",
"EFII","Electronics for Imaging, Inc.","34.56","1604148364.8","n/a","1992","Technology","Computer Communications Equipment","http://www.nasdaq.com/symbol/efii",
"ELTK","Eltek Ltd.","1.28","8460936.96","n/a","1997","Technology","Electrical Products","http://www.nasdaq.com/symbol/eltk",
"EMKR","EMCORE Corporation","5.45","163517412.75","n/a","1997","Technology","Semiconductors","http://www.nasdaq.com/symbol/emkr",
"ERII","Energy Recovery, Inc.","6.69","341407866.54","n/a","2008","Technology","Industrial Machinery/Components","http://www.nasdaq.com/symbol/erii",
"ENOC","EnerNOC, Inc.","16","483716368","n/a","2007","Technology","Computer Software: Programming, Data Processing","http://www.nasdaq.com/symbol/enoc",
"ENPH","Enphase Energy, Inc.","8.84","369164711.76","n/a","n/a","Technology","Semiconductors","http://www.nasdaq.com/symbol/enph",
"ENTR","Entropic Communications, Inc.","4.43","403239739.96","n/a","1994","Technology","Semiconductors","http://www.nasdaq.com/symbol/entr",
"ENVI","Envivio, Inc.","3.1","85595234.6","n/a","1987","Technology","Radio And Television Broadcasting And Communications Equipment","http://www.nasdaq.com/symbol/envi",
"EPIQ","EPIQ Systems, Inc.","14.03","509982418.72","n/a","1997","Technology","EDP Services","http://www.nasdaq.com/symbol/epiq",
"PLUS","ePlus inc.","54.51","446977911.75","n/a","1996","Technology","Retail: Computer Software & Peripheral Equipment","http://www.nasdaq.com/symbol/plus",
"ERIC","Ericsson","13.19","2589630397.02","196332858","n/a","Technology","Radio And Television Broadcasting And Communications Equipment","http://www.nasdaq.com/symbol/eric",
"EVOL","Evolving Systems, Inc.","10.72","122633165.92","n/a","1998","Technology","EDP Services","http://www.nasdaq.com/symbol/evol",
"EXA","Exa Corporation","14.91","198874395.93","n/a","n/a","Technology","Computer Software: Prepackaged Software","http://www.nasdaq.com/symbol/exa",
"EXTR","Extreme Networks, Inc.","5.83","550738336.61","n/a","1999","Technology","Computer Communications Equipment","http://www.nasdaq.com/symbol/extr",
"EZCH","EZchip Semiconductor Limited","25.64","735521449.76","n/a","n/a","Technology","Computer Communications Equipment","http://www.nasdaq.com/symbol/ezch",
"FFIV","F5 Networks, Inc.","87.81","6875842716.21","n/a","1999","Technology","Computer Communications Equipment","http://www.nasdaq.com/symbol/ffiv",
"FB","Facebook, Inc.","54.22","132043048719.18","n/a","1994","Technology","Computer Software: Programming, Data Processing","http://www.nasdaq.com/symbol/fb",
"FALC","FalconStor Software, Inc.","1.38","66283797.06","n/a","n/a","Technology","Computer Software: Prepackaged Software","http://www.nasdaq.com/symbol/falc",
"FNSR","Finisar Corporation","25.73","2465728773.97","n/a","1999","Technology","Semiconductors","http://www.nasdaq.com/symbol/fnsr",
"FEYE","FireEye, Inc.","42.37","4977239872.13","n/a","n/a","Technology","Computer peripheral equipment","http://www.nasdaq.com/symbol/feye",
"FSLR","First Solar, Inc.","49.97","4879439228.81","n/a","2006","Technology","Semiconductors","http://www.nasdaq.com/symbol/fslr",
"FISV","Fiserv, Inc.","104.62","13610058275.72","n/a","1986","Technology","EDP Services","http://www.nasdaq.com/symbol/fisv",
"FLEX","Flextronics International Ltd.","9.205","5634674176.32","n/a","1994","Technology","Electrical Products","http://www.nasdaq.com/symbol/flex",
"FORM","FormFactor, Inc.","6.42","350104537.14","n/a","1993","Technology","Semiconductors","http://www.nasdaq.com/symbol/form",
"FORTY","Formula Systems (1985) Ltd.","25.89","19558419.27","755443","n/a","Technology","EDP Services","http://www.nasdaq.com/symbol/forty",
"FTNT","Fortinet, Inc.","20.2","3284247643.4","n/a","2009","Technology","Computer peripheral equipment","http://www.nasdaq.com/symbol/ftnt",
"GIGM","GigaMedia Limited","1.06","53763174.56","n/a","n/a","Technology","Computer Software: Programming, Data Processing","http://www.nasdaq.com/symbol/gigm",
"GILT","Gilat Satellite Networks Ltd.","4.88","205085635.6","n/a","n/a","Technology","Radio And Television Broadcasting And Communications Equipment","http://www.nasdaq.com/symbol/gilt",
"GCOM","Globecomm Systems Inc.","14.12","337037424.72","n/a","1997","Technology","Radio And Television Broadcasting And Communications Equipment","http://www.nasdaq.com/symbol/gcom",
"GLUU","Glu Mobile Inc.","3.3","257152041.3","n/a","2007","Technology","EDP Services","http://www.nasdaq.com/symbol/gluu",
"GOOG","Google Inc.","1011.408","336820076259.984","n/a","2004","Technology","Computer Software: Programming, Data Processing","http://www.nasdaq.com/symbol/goog",
"GRPN","Groupon, Inc.","10.65","7088057136.15","n/a","n/a","Technology","Advertising","http://www.nasdaq.com/symbol/grpn",
"GSIT","GSI Technology, Inc.","7.31","201317473.1","n/a","2007","Technology","Semiconductors","http://www.nasdaq.com/symbol/gsit",
"GTAT","GT Advanced Technologies, Inc.","8.63","1067019284.15","n/a","n/a","Technology","Semiconductors","http://www.nasdaq.com/symbol/gtat",
"GUID","Guidance Software, Inc.","9.22","264660100","n/a","2006","Technology","Computer Software: Prepackaged Software","http://www.nasdaq.com/symbol/guid",
"HSOL","Hanwha SolarOne Co., Ltd.","5.355","258637310.82","48298284","n/a","Technology","Semiconductors","http://www.nasdaq.com/symbol/hsol",
"HLIT","Harmonic Inc.","7.95","803922396.3","n/a","1995","Technology","Radio And Television Broadcasting And Communications Equipment","http://www.nasdaq.com/symbol/hlit",
"HAUP","Hauppauge Digital, Inc.","0.391","3957836.504","n/a","n/a","Technology","Computer peripheral equipment","http://www.nasdaq.com/symbol/haup",
"HSTM","HealthStream, Inc.","39.46","1058276003.76","n/a","2000","Technology","Computer Software: Programming, Data Processing","http://www.nasdaq.com/symbol/hstm",
"HSII","Heidrick & Struggles International, Inc.","19.46","352344822.76","n/a","1999","Technology","Diversified Commercial Services","http://www.nasdaq.com/symbol/hsii",
"HIMX","Himax Technologies, Inc.","10.69","1033995851.56","96725524","2006","Technology","Semiconductors","http://www.nasdaq.com/symbol/himx",
"HITT","Hittite Microwave Corporation","66.05","2082194810.2","n/a","2005","Technology","Semiconductors","http://www.nasdaq.com/symbol/hitt",
"AWAY","HomeAway, Inc.","28.24","2407626305.36","n/a","n/a","Technology","EDP Services","http://www.nasdaq.com/symbol/away",
"HSON","Hudson Global, Inc.","3.36","111273220.8","n/a","n/a","Technology","Professional Services","http://www.nasdaq.com/symbol/hson",
"INVE","Identive Group, Inc.","0.72","52918354.08","n/a","n/a","Technology","Computer peripheral equipment","http://www.nasdaq.com/symbol/inve",
"IGTE","iGATE Corporation","30.82","1785265820.84","n/a","n/a","Technology","EDP Services","http://www.nasdaq.com/symbol/igte",
"IGOI","iGo, Inc","2.87","8456710.43","n/a","n/a","Technology","Computer peripheral equipment","http://www.nasdaq.com/symbol/igoi",
"IMMR","Immersion Corporation","13.74","392141015.22","n/a","1999","Technology","Computer peripheral equipment","http://www.nasdaq.com/symbol/immr",
"INFA","Informatica Corporation","37.59","4068628830","n/a","1999","Technology","Computer Software: Prepackaged Software","http://www.nasdaq.com/symbol/infa",
"INOD","Innodata Inc.","2.31","57865243.59","n/a","1993","Technology","EDP Services","http://www.nasdaq.com/symbol/inod",
"ISSC","Innovative Solutions and Support, Inc.","7.94","133423934.68","n/a","2000","Technology","EDP Services","http://www.nasdaq.com/symbol/issc",
"IDTI","Integrated Device Technology, Inc.","10.13","1518243707.79","n/a","1984","Technology","Semiconductors","http://www.nasdaq.com/symbol/idti",
"ISSI","Integrated Silicon Solution, Inc.","11.75","340294170.5","n/a","1995","Technology","Semiconductors","http://www.nasdaq.com/symbol/issi",
"INTC","Intel Corporation","23.875","118945250000","n/a","1971","Technology","Semiconductors","http://www.nasdaq.com/symbol/intc",
"ININ","Interactive Intelligence Group, Inc.","61.83","1238844552.66","n/a","1995","Technology","Computer Software: Prepackaged Software","http://www.nasdaq.com/symbol/inin",
"IMI","Intermolecular, Inc.","6.12","276757703.64","n/a","1994","Technology","Semiconductors","http://www.nasdaq.com/symbol/imi",
"INAP","Internap Network Services Corporation","6.89","370109468.56","n/a","1999","Technology","Computer Software: Programming, Data Processing","http://www.nasdaq.com/symbol/inap",
"IIJI","Internet Initiative Japan, Inc.","14.16","34958066.4","2468790","n/a","Technology","Computer Software: Programming, Data Processing","http://www.nasdaq.com/symbol/iiji",
"INPH","Interphase Corporation","4.3","30147927.8","n/a","1984","Technology","Computer Communications Equipment","http://www.nasdaq.com/symbol/inph",
"INTX","Intersections, Inc.","8.81","159442604.72","n/a","2004","Technology","EDP Services","http://www.nasdaq.com/symbol/intx",
"ISIL","Intersil Corporation","11.07","1409238497.88","n/a","1972","Technology","Semiconductors","http://www.nasdaq.com/symbol/isil",
"IVAC","Intevac, Inc.","4.97","118251895.86","n/a","1985","Technology","Industrial Machinery/Components","http://www.nasdaq.com/symbol/ivac",
"INTU","Intuit Inc.","68.74","19433680552.86","n/a","1993","Technology","Computer Software: Prepackaged Software","http://www.nasdaq.com/symbol/intu",
"IPAS","iPass Inc.","1.96","125307796.04","n/a","2003","Technology","EDP Services","http://www.nasdaq.com/symbol/ipas",
"IPGP","IPG Photonics Corporation","62.58","3225235774.32","n/a","2006","Technology","Semiconductors","http://www.nasdaq.com/symbol/ipgp",
"IXYS","IXYS Corporation","10.95","340533677.7","n/a","n/a","Technology","Semiconductors","http://www.nasdaq.com/symbol/ixys",
"JCOM","j2 Global, Inc.","54.55","2524028990.95","n/a","1999","Technology","Telecommunications Equipment","http://www.nasdaq.com/symbol/jcom",
"JASO","JA Solar Holdings, Co., Ltd.","10.47","300250085.07","28677181","2007","Technology","Semiconductors","http://www.nasdaq.com/symbol/jaso",
"JKHY","Jack Henry & Associates, Inc.","54.4","4646964307.2","n/a","1985","Technology","EDP Services","http://www.nasdaq.com/symbol/jkhy",
"JDSU","JDS Uniphase Corporation","15.55","3559809687.4","n/a","n/a","Technology","Semiconductors","http://www.nasdaq.com/symbol/jdsu",
"DATE","Jiayuan.com International Ltd.","7.03","83479042.58","11874686","n/a","Technology","EDP Services","http://www.nasdaq.com/symbol/date",
"JIVE","Jive Software, Inc.","12.48","858146377.92","n/a","n/a","Technology","EDP Services","http://www.nasdaq.com/symbol/jive",
"KELYA","Kelly Services, Inc.","20.66","828793791.56","n/a","n/a","Technology","Professional Services","http://www.nasdaq.com/symbol/kelya",
"KELYB","Kelly Services, Inc.","20.1001","69836993.446","n/a","n/a","Technology","Professional Services","http://www.nasdaq.com/symbol/kelyb",
"KTEC","Key Technology, Inc.","14.34","88460635.02","n/a","1993","Technology","Industrial Machinery/Components","http://www.nasdaq.com/symbol/ktec",
"KTCC","Key Tronic Corporation","11.06","116305422.66","n/a","1983","Technology","Computer peripheral equipment","http://www.nasdaq.com/symbol/ktcc",
"KFRC","Kforce, Inc.","18","603569754","n/a","1995","Technology","Professional Services","http://www.nasdaq.com/symbol/kfrc",
"KBALB","Kimball International, Inc.","11.41","434492092.58","n/a","1976","Technology","Electrical Products","http://www.nasdaq.com/symbol/kbalb",
"KONE","Kingtone Wirelessinfo Solution Holding Ltd","3.01","2150268.75","714375","2010","Technology","EDP Services","http://www.nasdaq.com/symbol/kone",
"KONG","KongZhong Corporation","10.63","253654962.77","23862179","2004","Technology","Telecommunications Equipment","http://www.nasdaq.com/symbol/kong",
"KOPN","Kopin Corporation","4.09","273699217.16","n/a","1992","Technology","Semiconductors","http://www.nasdaq.com/symbol/kopn",
"KLIC","Kulicke and Soffa Industries, Inc.","13.02","980113544.76","n/a","n/a","Technology","Semiconductors","http://www.nasdaq.com/symbol/klic",
"KVHI","KVH Industries, Inc.","13.97","217533296.2","n/a","1996","Technology","Radio And Television Broadcasting And Communications Equipment","http://www.nasdaq.com/symbol/kvhi",
"LRCX","Lam Research Corporation","53.85","8728703041.95","n/a","1984","Technology","Industrial Machinery/Components","http://www.nasdaq.com/symbol/lrcx",
"LAMR","Lamar Advertising Company","46.99","4440241200.78","n/a","1996","Technology","Advertising","http://www.nasdaq.com/symbol/lamr",
"LTRX","Lantronix, Inc.","1.42","20703264.88","n/a","2000","Technology","Computer Communications Equipment","http://www.nasdaq.com/symbol/ltrx",
"LSCC","Lattice Semiconductor Corporation","4.46","517792829.62","n/a","n/a","Technology","Semiconductors","http://www.nasdaq.com/symbol/lscc",
"LPTH","LightPath Technologies, Inc.","1.46","20134797.22","n/a","1996","Technology","Semiconductors","http://www.nasdaq.com/symbol/lpth",
"LECO","Lincoln Electric Holdings, Inc.","70.01","5755128363.76","n/a","n/a","Technology","Industrial Machinery/Components","http://www.nasdaq.com/symbol/leco",
"LLTC","Linear Technology Corporation","39.27","9366706161.12","n/a","1986","Technology","Semiconductors","http://www.nasdaq.com/symbol/lltc",
"LTON","Linktone Ltd.","3.01","71899328.2","23886820","2004","Technology","Telecommunications Equipment","http://www.nasdaq.com/symbol/lton",
"LIVE","LiveDeal, Inc.","3.09","10863448.11","n/a","n/a","Technology","EDP Services","http://www.nasdaq.com/symbol/live",
"LPSN","LivePerson, Inc.","9.66","521976815.22","n/a","2000","Technology","Computer Software: Prepackaged Software","http://www.nasdaq.com/symbol/lpsn",
"LOGI","Logitech International S.A.","8.93","1427001114.01","n/a","1997","Technology","Computer peripheral equipment","http://www.nasdaq.com/symbol/logi",
"LOGM","LogMein, Inc.","31.23","757861782.84","n/a","2009","Technology","Computer Software: Prepackaged Software","http://www.nasdaq.com/symbol/logm",
"LOOK","LookSmart, Ltd.","0.7","12115641.3","n/a","1999","Technology","EDP Services","http://www.nasdaq.com/symbol/look",
"LORL","Loral Space and Communications, Inc.","67.94","2100696986.9","n/a","n/a","Technology","Radio And Television Broadcasting And Communications Equipment","http://www.nasdaq.com/symbol/lorl",
"LSI","LSI Corporation","7.99","4371130296.69","n/a","n/a","Technology","Semiconductors","http://www.nasdaq.com/symbol/lsi",
"MTSI","M/A-COM Technology Solutions Holdings, Inc.","17.34","803401631.16","n/a","1992","Technology","Semiconductors","http://www.nasdaq.com/symbol/mtsi",
"MGIC","Magic Software Enterprises Ltd.","6.43","236946046.55","n/a","1991","Technology","Computer Software: Prepackaged Software","http://www.nasdaq.com/symbol/mgic",
"MNGA","MagneGas Corporation","0.652","14912234.952","n/a","n/a","Technology","Industrial Machinery/Components","http://www.nasdaq.com/symbol/mnga",
"COOL","Majesco Entertainment Company","0.6","27777581.4","n/a","1998","Technology","Computer Software: Prepackaged Software","http://www.nasdaq.com/symbol/cool",
"MAMS","MAM Software Group, Inc.","3.8976","56359962.4896","n/a","n/a","Technology","Computer Software: Prepackaged Software","http://www.nasdaq.com/symbol/mams",
"MANH","Manhattan Associates, Inc.","95.03","1835227342.52","n/a","1998","Technology","Computer Software: Prepackaged Software","http://www.nasdaq.com/symbol/manh",
"MNTX","Manitex International, Inc.","13.31","164850658.94","n/a","n/a","Technology","Industrial Machinery/Components","http://www.nasdaq.com/symbol/mntx",
"MKTO","Marketo, Inc.","35.73","1323399682.62","n/a","n/a","Technology","Computer Software: Prepackaged Software","http://www.nasdaq.com/symbol/mkto",
"MRVL","Marvell Technology Group Ltd.","11.75","5784525000","n/a","2000","Technology","Semiconductors","http://www.nasdaq.com/symbol/mrvl",
"MTSN","Mattson Technology, Inc.","2.85","168192561.9","n/a","1994","Technology","Industrial Machinery/Components","http://www.nasdaq.com/symbol/mtsn",
"MXIM","Maxim Integrated Products, Inc.","29.969","8485749412.007","n/a","1988","Technology","Semiconductors","http://www.nasdaq.com/symbol/mxim",
"MGRC","McGrath RentCorp","34.11","873986749.56","n/a","1984","Technology","Diversified Commercial Services","http://www.nasdaq.com/symbol/mgrc",
"MDCA","MDC Partners Inc.","28.97","911556548.95","n/a","n/a","Technology","Advertising","http://www.nasdaq.com/symbol/mdca",
"MDAS","MedAssets, Inc.","26.01","1591651284.21","n/a","2007","Technology","Computer Software: Prepackaged Software","http://www.nasdaq.com/symbol/mdas",
"MDSO","Medidata Solutions, Inc.","104.62","2790932360.86","n/a","2009","Technology","Computer Software: Prepackaged Software","http://www.nasdaq.com/symbol/mdso",
"MLNX","Mellanox Technologies, Ltd.","39.49","1714168216.97","n/a","2007","Technology","Semiconductors","http://www.nasdaq.com/symbol/mlnx",
"MENT","Mentor Graphics Corporation","22.89","2593004791.02","n/a","1984","Technology","EDP Services","http://www.nasdaq.com/symbol/ment",
"MRGE","Merge Healthcare Incorporated.","2.64","247273321.68","n/a","1998","Technology","EDP Services","http://www.nasdaq.com/symbol/mrge",
"MERU","Meru Networks, Inc.","3.24","72783360","n/a","2010","Technology","Computer Communications Equipment","http://www.nasdaq.com/symbol/meru",
"MCRL","Micrel, Incorporated","9.36","541321194.96","n/a","1994","Technology","Semiconductors","http://www.nasdaq.com/symbol/mcrl",
"MCHP","Microchip Technology Incorporated","40.3","7951381908.6","n/a","1993","Technology","Semiconductors","http://www.nasdaq.com/symbol/mchp",
"MU","Micron Technology, Inc.","17.029","17684192682.248","n/a","n/a","Technology","Semiconductors","http://www.nasdaq.com/symbol/mu",
"MCRS","MICROS Systems, Inc.","51.71","3900436330.63","n/a","1981","Technology","EDP Services","http://www.nasdaq.com/symbol/mcrs",
"MSCC","Microsemi Corporation","25.76","2400250957.44","n/a","n/a","Technology","Semiconductors","http://www.nasdaq.com/symbol/mscc",
"MSFT","Microsoft Corporation","34.96","292291601674.8","n/a","1986","Technology","Computer Software: Prepackaged Software","http://www.nasdaq.com/symbol/msft",
"MSTR","MicroStrategy Incorporated","100.18","1132137886.66","n/a","1992","Technology","Computer Software: Prepackaged Software","http://www.nasdaq.com/symbol/mstr",
"MNDO","MIND C.T.I. Ltd.","1.67","31364968.06","n/a","n/a","Technology","EDP Services","http://www.nasdaq.com/symbol/mndo",
"MSPD","Mindspeed Technologies, Inc.","3.05","132340347.9","n/a","n/a","Technology","Semiconductors","http://www.nasdaq.com/symbol/mspd",
"MIND","Mitcham Industries, Inc.","16.54","212333507.04","n/a","1994","Technology","Diversified Commercial Services","http://www.nasdaq.com/symbol/mind",
"MITK","Mitek Systems, Inc.","5.46","165705234.24","n/a","n/a","Technology","Computer peripheral equipment","http://www.nasdaq.com/symbol/mitk",
"MITL","Mitel Networks Corporation","5.75","309740706.75","n/a","n/a","Technology","Radio And Television Broadcasting And Communications Equipment","http://www.nasdaq.com/symbol/mitl",
"MPWR","Monolithic Power Systems, Inc.","30.77","1158087043.76","n/a","1998","Technology","Semiconductors","http://www.nasdaq.com/symbol/mpwr",
"TYPE","Monotype Imaging Holdings Inc.","29","1124721558","n/a","2007","Technology","EDP Services","http://www.nasdaq.com/symbol/type",
"MONT","Montage Technology Group Limited","14.61","386863201.23","n/a","n/a","Technology","Semiconductors","http://www.nasdaq.com/symbol/mont",
"MOSY","MoSys, Inc.","4.29","206265778.29","n/a","2001","Technology","Semiconductors","http://www.nasdaq.com/symbol/mosy",
"MFLX","Multi-Fineline Electronix, Inc.","14.73","354251668.56","n/a","2004","Technology","Electrical Products","http://www.nasdaq.com/symbol/mflx",
"NATI","National Instruments Corporation","30.49","3805115625.43","n/a","1995","Technology","Computer Software: Prepackaged Software","http://www.nasdaq.com/symbol/nati",
"NCIT","NCI, Inc.","5.22","67482150.3","n/a","2005","Technology","EDP Services","http://www.nasdaq.com/symbol/ncit",
"NETE","Net Element International, Inc.","4.76","134057484.12","n/a","n/a","Technology","EDP Services","http://www.nasdaq.com/symbol/nete",
"NTAP","NetApp, Inc.","41.37","14069696764.41","n/a","1995","Technology","Electronic Components","http://www.nasdaq.com/symbol/ntap",
"NLST","Netlist, Inc.","0.86","27160878.62","n/a","2006","Technology","Semiconductors","http://www.nasdaq.com/symbol/nlst",
"NTCT","NetScout Systems, Inc.","29.32","1213049235.24","n/a","1999","Technology","EDP Services","http://www.nasdaq.com/symbol/ntct",
"NTWK","NetSol Technologies Inc.","7.41","66585689.43","n/a","1994","Technology","Computer Software: Prepackaged Software","http://www.nasdaq.com/symbol/ntwk",
"NICE","NICE-Systems Limited","40.54","1557436896.06","38417289","n/a","Technology","Computer Manufacturing","http://www.nasdaq.com/symbol/nice",
"NINE","Ninetowns Internet Technology Group Company Limited","1.78","55141381.12","30978304","1995","Technology","Computer Software: Prepackaged Software","http://www.nasdaq.com/symbol/nine",
"NUAN","Nuance Communications, Inc.","17.14","5319051726.46","n/a","2000","Technology","Computer Software: Prepackaged Software","http://www.nasdaq.com/symbol/nuan",
"NVEC","NVE Corporation","53.07","258049478.52","n/a","n/a","Technology","Semiconductors","http://www.nasdaq.com/symbol/nvec",
"NVDA","NVIDIA Corporation","15.81","9147634980.78","n/a","1999","Technology","Semiconductors","http://www.nasdaq.com/symbol/nvda",
"NXPI","NXP Semiconductors N.V.","37.91","9543899365","n/a","2010","Technology","Semiconductors","http://www.nasdaq.com/symbol/nxpi",
"OIIM","O2Micro International Limited","3.11","103281520.12","33209492","2000","Technology","Semiconductors","http://www.nasdaq.com/symbol/oiim",
"OCLR","Oclaro, Inc.","2.17","201535097.89","n/a","1997","Technology","Semiconductors","http://www.nasdaq.com/symbol/oclr",
"OCZ","OCZ Technology Group Inc","1.34","91397602.44","n/a","n/a","Technology","Electronic Components","http://www.nasdaq.com/symbol/ocz",
"OMCL","Omnicell, Inc.","23.75","827465912.5","n/a","2001","Technology","Computer Manufacturing","http://www.nasdaq.com/symbol/omcl",
"OVTI","OmniVision Technologies, Inc.","14.29","794341259.48","n/a","2000","Technology","Semiconductors","http://www.nasdaq.com/symbol/ovti",
"ONNN","ON Semiconductor Corporation","7.16","3221068233.4","n/a","2000","Technology","Semiconductors","http://www.nasdaq.com/symbol/onnn",
"OTIV","On Track Innovations Ltd","1.8","58060461.6","n/a","n/a","Technology","Semiconductors","http://www.nasdaq.com/symbol/otiv",
"OTEX","Open Text Corporation","74.98","4429243228.42","n/a","1996","Technology","EDP Services","http://www.nasdaq.com/symbol/otex",
"OSIS","OSI Systems, Inc.","76.14","1526876383.32","n/a","1997","Technology","Semiconductors","http://www.nasdaq.com/symbol/osis",
"OVRL","Overland Storage, Inc.","0.85","26450774.3","n/a","1997","Technology","Electronic Components","http://www.nasdaq.com/symbol/ovrl",
"PFIN","P & F Industries, Inc.","7.59","28037224.71","n/a","n/a","Technology","Industrial Machinery/Components","http://www.nasdaq.com/symbol/pfin",
"PACT          ","Pactera Technology International Ltd","7.1","539810493.7","76029647","n/a","Technology","EDP Services","http://www.nasdaq.com/symbol/pact          ",
"PRKR","ParkerVision, Inc.","6.39","590577921.9","n/a","1993","Technology","Radio And Television Broadcasting And Communications Equipment","http://www.nasdaq.com/symbol/prkr",
"PCTI","PC-Tel, Inc.","8.9","164340947.5","n/a","1999","Technology","Radio And Television Broadcasting And Communications Equipment","http://www.nasdaq.com/symbol/pcti",
"PDFS","PDF Solutions, Inc.","23.09","691674619.28","n/a","2001","Technology","EDP Services","http://www.nasdaq.com/symbol/pdfs",
"PRLS","Peerless Systems Corporation","3.67","10497774.43","n/a","1996","Technology","Computer Software: Prepackaged Software","http://www.nasdaq.com/symbol/prls",
"PEGA","Pegasystems Inc.","38.93","1476858796.45","n/a","1996","Technology","EDP Services","http://www.nasdaq.com/symbol/pega",
"PSMI","Peregrine Semiconductor Corp.","8.73","282003601.14","n/a","n/a","Technology","Semiconductors","http://www.nasdaq.com/symbol/psmi",
"PRFT","Perficient, Inc.","20.25","669876277.5","n/a","1987","Technology","EDP Services","http://www.nasdaq.com/symbol/prft",
"PTIX","Performance Technologies, Incorporated","2.85","31790980.5","n/a","1996","Technology","Computer Communications Equipment","http://www.nasdaq.com/symbol/ptix",
"PSEM","Pericom Semiconductor Corporation","7.31","166425490.75","n/a","1997","Technology","Semiconductors","http://www.nasdaq.com/symbol/psem",
"PERI","Perion Network Ltd","13.42","167383862.14","n/a","1995","Technology","EDP Services","http://www.nasdaq.com/symbol/peri",
"PLAB","Photronics, Inc.","8.81","540603721.91","n/a","1987","Technology","Semiconductors","http://www.nasdaq.com/symbol/plab",
"PXLW","Pixelworks, Inc.","5.23","114350754.47","n/a","2000","Technology","Semiconductors","http://www.nasdaq.com/symbol/pxlw",
"PLXS","Plexus Corp.","39.57","1335514249.32","n/a","n/a","Technology","Electrical Products","http://www.nasdaq.com/symbol/plxs",
"PLXT","PLX Technology, Inc.","6.1","278477151.2","n/a","1999","Technology","Semiconductors","http://www.nasdaq.com/symbol/plxt",
"PMCS","PMC - Sierra, Inc.","6.94","1418584642.46","n/a","n/a","Technology","Semiconductors","http://www.nasdaq.com/symbol/pmcs",
"PNTR","Pointer Telocation Ltd.","5.8243","32357236.4594","n/a","n/a","Technology","Radio And Television Broadcasting And Communications Equipment","http://www.nasdaq.com/symbol/pntr",
"POWI","Power Integrations, Inc.","53.57","1585886119.29","n/a","1997","Technology","Semiconductors","http://www.nasdaq.com/symbol/powi",
"PKT","Procera Networks, Inc.","14.55","299561380.05","n/a","n/a","Technology","EDP Services","http://www.nasdaq.com/symbol/pkt",
"IPDN","Professional Diversity Network, Inc.","5","31591135","n/a","n/a","Technology","Computer Software: Programming, Data Processing","http://www.nasdaq.com/symbol/ipdn",
"PRGS","Progress Software Corporation","26.27","1363870308.16","n/a","1991","Technology","Computer Software: Prepackaged Software","http://www.nasdaq.com/symbol/prgs",
"PFPT","Proofpoint, Inc.","30.67","1083037472.67","n/a","n/a","Technology","EDP Services","http://www.nasdaq.com/symbol/pfpt",
"PMTC","PTC Inc.","27.62","3288720001.18","n/a","1989","Technology","Computer Software: Prepackaged Software","http://www.nasdaq.com/symbol/pmtc",
"QADA","QAD Inc.","13.83","216623743.26","n/a","n/a","Technology","Computer Software: Prepackaged Software","http://www.nasdaq.com/symbol/qada",
"QADB","QAD Inc.","11.9","37445027.9","n/a","n/a","Technology","Computer Software: Prepackaged Software","http://www.nasdaq.com/symbol/qadb",
"QLIK","Qlik Technologies Inc.","33.3","2925749854.8","n/a","2010","Technology","Computer Software: Prepackaged Software","http://www.nasdaq.com/symbol/qlik",
"QLGC","QLogic Corporation","11.14","976855460","n/a","n/a","Technology","Computer Communications Equipment","http://www.nasdaq.com/symbol/qlgc",
"QCOM","QUALCOMM Incorporated","68.402","117338557555.258","n/a","1991","Technology","Radio And Television Broadcasting And Communications Equipment","http://www.nasdaq.com/symbol/qcom",
"QSII","Quality Systems, Inc.","23.15","1379483868.4","n/a","1982","Technology","EDP Services","http://www.nasdaq.com/symbol/qsii",
"QBAK","Qualstar Corporation","1.3","15929052.1","n/a","2000","Technology","Electronic Components","http://www.nasdaq.com/symbol/qbak",
"QLYS","Qualys, Inc.","22.14","708475682.7","n/a","n/a","Technology","Computer Software: Prepackaged Software","http://www.nasdaq.com/symbol/qlys",
"QUIK","QuickLogic Corporation","3.75","167843310","n/a","1986","Technology","Semiconductors","http://www.nasdaq.com/symbol/quik",
"QUMU","Qumu Corporation","13.03","113024943.27","n/a","n/a","Technology","Computer peripheral equipment","http://www.nasdaq.com/symbol/qumu",
"RDCM","Radcom Ltd.","5.1","39429446.4","n/a","1997","Technology","Computer peripheral equipment","http://www.nasdaq.com/symbol/rdcm",
"RSYS","RadiSys Corporation","3.14","91112199.36","n/a","1995","Technology","Computer peripheral equipment","http://www.nasdaq.com/symbol/rsys",
"RMBS","Rambus, Inc.","9.485","1066687263.915","n/a","1997","Technology","Semiconductors","http://www.nasdaq.com/symbol/rmbs",
"RCMT","RCM Technologies, Inc.","6.39","79010260.47","n/a","n/a","Technology","Professional Services","http://www.nasdaq.com/symbol/rcmt",
"RDA","RDA Microelectronics, Inc.","14.98","363368991.16","24256942","1990","Technology","Semiconductors","http://www.nasdaq.com/symbol/rda",
"RLOC","ReachLocal, Inc.","12.7","356305497.7","n/a","2010","Technology","Advertising","http://www.nasdaq.com/symbol/rloc",
"RNWK","RealNetworks, Inc.","8.63","307874136.73","n/a","1997","Technology","EDP Services","http://www.nasdaq.com/symbol/rnwk",
"RP","RealPage, Inc.","25.66","1976757616.4","n/a","1983","Technology","Computer Software: Prepackaged Software","http://www.nasdaq.com/symbol/rp",
"RCII","Rent-A-Center Inc.","35.89","1916085342.58","n/a","1995","Technology","Diversified Commercial Services","http://www.nasdaq.com/symbol/rcii",
"MKTG","Responsys, Inc.","16.97","854412619.52","n/a","n/a","Technology","Computer Software: Prepackaged Software","http://www.nasdaq.com/symbol/mktg",
"RFMD","RF Micro Devices, Inc.","6.05","1701931398.75","n/a","1997","Technology","Semiconductors","http://www.nasdaq.com/symbol/rfmd",
"RVBD","Riverbed Technology, Inc.","14.41","2366935689.47","n/a","2006","Technology","Computer Communications Equipment","http://www.nasdaq.com/symbol/rvbd",
"FUEL","Rocket Fuel Inc.","66.43","2158561606.11","n/a","1986","Technology","Computer Software: Programming, Data Processing","http://www.nasdaq.com/symbol/fuel",
"RBCN","Rubicon Technology, Inc.","10.27","232466092.04","n/a","2007","Technology","Semiconductors","http://www.nasdaq.com/symbol/rbcn",
"SNDK","SanDisk Corporation","68.73","16521976383.24","n/a","1995","Technology","Electronic Components","http://www.nasdaq.com/symbol/sndk",
"SANM","Sanmina Corporation","17.4","1455179313","n/a","1993","Technology","Electrical Products","http://www.nasdaq.com/symbol/sanm",
"SPNS","Sapiens International Corporation N.V.","6.64","259509141.28","n/a","1992","Technology","Computer Software: Prepackaged Software","http://www.nasdaq.com/symbol/spns",
"SAPE","Sapient Corporation","15.81","2210059410.24","n/a","1996","Technology","EDP Services","http://www.nasdaq.com/symbol/sape",
"SCSC","ScanSource, Inc.","35.63","1000145715.38","n/a","n/a","Technology","Retail: Computer Software & Peripheral Equipment","http://www.nasdaq.com/symbol/scsc",
"SGMS","Scientific Games Corp","18.42","1567287509.28","n/a","n/a","Technology","EDP Services","http://www.nasdaq.com/symbol/sgms",
"SQI","SciQuest, Inc.","22.97","526006775.13","n/a","2010","Technology","Computer Software: Prepackaged Software","http://www.nasdaq.com/symbol/sqi",
"SEAC","SeaChange International, Inc.","13.72","450942017.68","n/a","1996","Technology","Radio And Television Broadcasting And Communications Equipment","http://www.nasdaq.com/symbol/seac",
"STX","Seagate Technology.","50.04","17867525043.96","n/a","1988","Technology","Electronic Components","http://www.nasdaq.com/symbol/stx",
"SLTC","Selectica, Inc.","6.11","21355733.1","n/a","1980","Technology","Computer Software: Prepackaged Software","http://www.nasdaq.com/symbol/sltc",
"LEDS","SemiLEDS Corporation","1.29","35811406.2","n/a","2010","Technology","Semiconductors","http://www.nasdaq.com/symbol/leds",
"SMTC","Semtech Corporation","31.03","2111691478.66","n/a","n/a","Technology","Semiconductors","http://www.nasdaq.com/symbol/smtc",
"SGOC","SGOCO Group, Ltd","3.52","62164453.12","n/a","2010","Technology","Radio And Television Broadcasting And Communications Equipment","http://www.nasdaq.com/symbol/sgoc",
"SWIR","Sierra Wireless, Inc.","19.2","590400096","n/a","n/a","Technology","Radio And Television Broadcasting And Communications Equipment","http://www.nasdaq.com/symbol/swir",
"SIFY","Sify Technologies Limited","2.26","56680974.02","25080077","n/a","Technology","Computer Software: Programming, Data Processing","http://www.nasdaq.com/symbol/sify",
"SIGM","Sigma Designs, Inc.","5.6","193580564.8","n/a","1986","Technology","Semiconductors","http://www.nasdaq.com/symbol/sigm",
"SGMA","SigmaTron International, Inc.","5.27","20875692.64","n/a","1972","Technology","Electrical Products","http://www.nasdaq.com/symbol/sgma",
"SILC","Silicom Ltd","36.34","258559572.42","n/a","n/a","Technology","Computer Communications Equipment","http://www.nasdaq.com/symbol/silc",
"SGI","Silicon Graphics International Corp","14.5","496969853.5","n/a","n/a","Technology","Computer Manufacturing","http://www.nasdaq.com/symbol/sgi",
"SLAB","Silicon Laboratories, Inc.","43.66","1864873287.38","n/a","1996","Technology","Semiconductors","http://www.nasdaq.com/symbol/slab",
"SIMO","Silicon Motion Technology Corporation","12.89","422254757.69","32758321","2005","Technology","Semiconductors","http://www.nasdaq.com/symbol/simo",
"SPIL","Siliconware Precision Industries Company, Ltd.","6.03","402640195.05","66772835","n/a","Technology","Semiconductors","http://www.nasdaq.com/symbol/spil",
"SLP","Simulations Plus, Inc.","4.82","77268909.08","n/a","1985","Technology","EDP Services","http://www.nasdaq.com/symbol/slp",
"SINA","Sina Corporation","91.07","6068818920.99","n/a","n/a","Technology","Computer Software: Prepackaged Software","http://www.nasdaq.com/symbol/sina",
"MOBI","Sky-mobi Limited","4.99","51884198.65","10397635","1998","Technology","Computer Software: Prepackaged Software","http://www.nasdaq.com/symbol/mobi",
"SWKS","Skyworks Solutions, Inc.","24.92","4678440130.56","n/a","n/a","Technology","Semiconductors","http://www.nasdaq.com/symbol/swks",
"SMT","SMART Technologies Inc.","2.8","117633278","n/a","1994","Technology","Computer peripheral equipment","http://www.nasdaq.com/symbol/smt",
"SMSI","Smith Micro Software, Inc.","0.8437","31253401.8368","n/a","1984","Technology","Computer Software: Prepackaged Software","http://www.nasdaq.com/symbol/smsi",
"SMTX","SMTC Corporation","2.06","33703373.66","n/a","2000","Technology","Electrical Products","http://www.nasdaq.com/symbol/smtx",
"SOHU","Sohu.com Inc.","86.06","3294264147.46","n/a","n/a","Technology","EDP Services","http://www.nasdaq.com/symbol/sohu",
"SOFO","Sonic Foundry, Inc.","9","35850609","n/a","n/a","Technology","Radio And Television Broadcasting And Communications Equipment","http://www.nasdaq.com/symbol/sofo",
"SONS","Sonus Networks, Inc.","3.47","955928331.43","n/a","n/a","Technology","EDP Services","http://www.nasdaq.com/symbol/sons",
"SPDC","Speed Commerce, Inc.","3.56","202466804.88","n/a","n/a","Technology","Retail: Computer Software & Peripheral Equipment","http://www.nasdaq.com/symbol/spdc",
"SPLK","Splunk Inc.","61.882","6547137320.582","n/a","1981","Technology","Computer Software: Prepackaged Software","http://www.nasdaq.com/symbol/splk",
"SPRD","Spreadtrum Communications, Inc.","30.54","1296650858.94","42457461","2007","Technology","Semiconductors","http://www.nasdaq.com/symbol/sprd",
"SPSC","SPS Commerce, Inc.","77.98","1180870401.06","n/a","2010","Technology","Computer Software: Prepackaged Software","http://www.nasdaq.com/symbol/spsc",
"SSNC","SS&C Technologies Holdings, Inc.","38.83","3189847495.01","n/a","1996","Technology","Computer Software: Prepackaged Software","http://www.nasdaq.com/symbol/ssnc",
"SSYS","Stratasys, Ltd.","110.85","5362308891","n/a","1994","Technology","Computer peripheral equipment","http://www.nasdaq.com/symbol/ssys",
"STRM","Streamline Health Solutions, Inc.","8.35","109535876.15","n/a","1992","Technology","EDP Services","http://www.nasdaq.com/symbol/strm",
"SPWR","SunPower Corporation","33.57","4070484728.37","n/a","2005","Technology","Semiconductors","http://www.nasdaq.com/symbol/spwr",
"SMCI","Super Micro Computer, Inc.","14.24","608085095.2","n/a","1996","Technology","Computer Manufacturing","http://www.nasdaq.com/symbol/smci",
"SPCB","SuperCom, Ltd.","4.5405","42346346.661","n/a","n/a","Technology","Semiconductors","http://www.nasdaq.com/symbol/spcb",
"SCON","Superconductor Technologies Inc.","1.835","19217879.765","n/a","1993","Technology","Radio And Television Broadcasting And Communications Equipment","http://www.nasdaq.com/symbol/scon",
"SUPX","Supertex, Inc.","24.29","280822713.92","n/a","1983","Technology","Semiconductors","http://www.nasdaq.com/symbol/supx",
"SPRT","support.com, Inc.","5.6","290916253.6","n/a","2000","Technology","EDP Services","http://www.nasdaq.com/symbol/sprt",
"SYKE","Sykes Enterprises, Incorporated","19.04","838628281.12","n/a","1996","Technology","EDP Services","http://www.nasdaq.com/symbol/syke",
"SYMC","Symantec Corporation","25.39","17757735963.63","n/a","1989","Technology","Computer Software: Prepackaged Software","http://www.nasdaq.com/symbol/symc",
"SYNC","Synacor, Inc.","2.45","66958220.7","n/a","1996","Technology","Computer Software: Programming, Data Processing","http://www.nasdaq.com/symbol/sync",
"SYNA","Synaptics Incorporated","54.05","1807918179.75","n/a","2002","Technology","EDP Services","http://www.nasdaq.com/symbol/syna",
"SNCR","Synchronoss Technologies, Inc.","37.74","1515437698.68","n/a","2006","Technology","EDP Services","http://www.nasdaq.com/symbol/sncr",
"SNPS","Synopsys, Inc.","38.19","5896854771.93","n/a","1992","Technology","Computer Software: Prepackaged Software","http://www.nasdaq.com/symbol/snps",
"SYNT","Syntel, Inc.","87.02","3647892671.28","n/a","1986","Technology","EDP Services","http://www.nasdaq.com/symbol/synt",
"TTWO","Take-Two Interactive Software, Inc.","17.22","1599382114.26","n/a","1997","Technology","Computer Software: Prepackaged Software","http://www.nasdaq.com/symbol/ttwo",
"TNGO","Tangoe, Inc.","25.34","951189911.28","n/a","n/a","Technology","Computer Software: Prepackaged Software","http://www.nasdaq.com/symbol/tngo",
"TECD","Tech Data Corporation","50.56","1909174166.4","n/a","1986","Technology","Retail: Computer Software & Peripheral Equipment","http://www.nasdaq.com/symbol/tecd",
"TCCO","Technical Communications Corporation","6.731","12376397.396","n/a","n/a","Technology","Radio And Television Broadcasting And Communications Equipment","http://www.nasdaq.com/symbol/tcco",
"TSYS","TeleCommunication Systems, Inc.","2.485","145790422.33","n/a","2000","Technology","Computer Software: Prepackaged Software","http://www.nasdaq.com/symbol/tsys",
"TTEC","TeleTech Holdings, Inc.","25.85","1314517142.95","n/a","1996","Technology","Professional Services","http://www.nasdaq.com/symbol/ttec",
"TSRA","Tessera Technologies, Inc.","19.61","1056767741.47","n/a","2003","Technology","Semiconductors","http://www.nasdaq.com/symbol/tsra",
"TXN","Texas Instruments Incorporated","40.71","44828744850.84","n/a","n/a","Technology","Semiconductors","http://www.nasdaq.com/symbol/txn",
"DSGX","The Descartes Systems Group Inc.","11.77","738293729.8","n/a","n/a","Technology","Computer Software: Prepackaged Software","http://www.nasdaq.com/symbol/dsgx",
"KEYW","The KEYW Holding Corporation","13","476703474","n/a","2010","Technology","EDP Services","http://www.nasdaq.com/symbol/keyw",
"MIDD","The Middleby Corporation","223.08","4262090186.64","n/a","n/a","Technology","Industrial Machinery/Components","http://www.nasdaq.com/symbol/midd",
"ULTI","The Ultimate Software Group, Inc.","148.4","4130783154.4","n/a","1998","Technology","Computer Software: Prepackaged Software","http://www.nasdaq.com/symbol/ulti",
"TIBX","TIBCO Software, Inc.","25.97","4234431691.21","n/a","1999","Technology","Computer Software: Prepackaged Software","http://www.nasdaq.com/symbol/tibx",
"TIGR","TigerLogic Corporation","1.93","57986666.65","n/a","n/a","Technology","Computer Software: Prepackaged Software","http://www.nasdaq.com/symbol/tigr",
"TISA","Top Image Systems, Ltd.","3.886","45388083.628","n/a","1996","Technology","Computer peripheral equipment","http://www.nasdaq.com/symbol/tisa",
"TSEM","Tower Semiconductor Ltd.","5.06","242206863.14","n/a","1994","Technology","Semiconductors","http://www.nasdaq.com/symbol/tsem",
"TACT","TransAct Technologies Incorporated","13.94","121155397.7","n/a","1996","Technology","Computer peripheral equipment","http://www.nasdaq.com/symbol/tact",
"TZOO","Travelzoo Inc.","21.81","335042450.13","n/a","n/a","Technology","EDP Services","http://www.nasdaq.com/symbol/tzoo",
"TRIP","TripAdvisor, Inc.","71.866","10275799751.898","n/a","1993","Technology","Computer Software: Programming, Data Processing","http://www.nasdaq.com/symbol/trip",
"TQNT","TriQuint Semiconductor, Inc.","8.455","1323359926.74","n/a","1993","Technology","Semiconductors","http://www.nasdaq.com/symbol/tqnt",
"TBOW","Trunkbow International Holdings Ltd.","1.11","40855853.25","n/a","n/a","Technology","Computer Software: Prepackaged Software","http://www.nasdaq.com/symbol/tbow",
"TSRI","TSR, Inc.","3.62","7102664.44","n/a","n/a","Technology","EDP Services","http://www.nasdaq.com/symbol/tsri",
"TTMI","TTM Technologies, Inc.","10.68","882467552.64","n/a","2000","Technology","Electrical Products","http://www.nasdaq.com/symbol/ttmi",
"TWIN","Twin Disc, Incorporated","26.94","303223681.86","n/a","1990","Technology","Industrial Machinery/Components","http://www.nasdaq.com/symbol/twin",
"UBIC","UBIC, Inc.","8.01","2157493.5","269350","n/a","Technology","EDP Services","http://www.nasdaq.com/symbol/ubic",
"UBNT","Ubiquiti Networks, Inc.","41.11","3601795054.89","n/a","n/a","Technology","Radio And Television Broadcasting And Communications Equipment","http://www.nasdaq.com/symbol/ubnt",
"UCTT","Ultra Clean Holdings, Inc.","7.11","202308281.28","n/a","2004","Technology","Semiconductors","http://www.nasdaq.com/symbol/uctt",
"UTEK","Ultratech, Inc.","25.48","707685877.08","n/a","1993","Technology","Industrial Machinery/Components","http://www.nasdaq.com/symbol/utek",
"UNTD","United Online, Inc.","8.37","774491249.7","n/a","n/a","Technology","Computer Software: Programming, Data Processing","http://www.nasdaq.com/symbol/untd",
"UNTDV","United Online, Inc.","13.37","0","n/a","n/a","Technology","Computer Software: Programming, Data Processing","http://www.nasdaq.com/symbol/untdv",
"UPIP","Unwired Planet, Inc.","1.85","199591998.95","n/a","n/a","Technology","Computer Software: Prepackaged Software","http://www.nasdaq.com/symbol/upip",
"VCLK","ValueClick, Inc.","19.89","1477808482.41","n/a","2000","Technology","Advertising","http://www.nasdaq.com/symbol/vclk",
"VDSI","VASCO Data Security International, Inc.","7.53","297237292.32","n/a","n/a","Technology","EDP Services","http://www.nasdaq.com/symbol/vdsi",
"VECO","Veeco Instruments Inc.","34.44","1348554474.96","n/a","1994","Technology","Industrial Machinery/Components","http://www.nasdaq.com/symbol/veco",
"VELT","Velti plc","0.26","23607002.12","n/a","2011","Technology","Computer Software: Prepackaged Software","http://www.nasdaq.com/symbol/velt",
"VRNT","Verint Systems Inc.","37.85","2018179486.7","n/a","2002","Technology","EDP Services","http://www.nasdaq.com/symbol/vrnt",
"VRSN","VeriSign, Inc.","53.08","7621270244.08","n/a","1998","Technology","EDP Services","http://www.nasdaq.com/symbol/vrsn",
"VRSK","Verisk Analytics, Inc.","68.69","11534111917.05","n/a","2009","Technology","EDP Services","http://www.nasdaq.com/symbol/vrsk",
"VSAT","ViaSat, Inc.","66.66","3029031066.6","n/a","1996","Technology","Radio And Television Broadcasting And Communications Equipment","http://www.nasdaq.com/symbol/vsat",
"VIAS","Viasystems Group, Inc.","15.11","313745702.1","n/a","1995","Technology","Electrical Products","http://www.nasdaq.com/symbol/vias",
"VIMC","Vimicro International Corporation","2.19","50763571.47","23179713","2005","Technology","Semiconductors","http://www.nasdaq.com/symbol/vimc",
"VRTU","Virtusa Corporation","31.92","836734153.92","n/a","2007","Technology","EDP Services","http://www.nasdaq.com/symbol/vrtu",
"VISN","VisionChina Media, Inc.","10.25","32692559.5","3189518","1993","Technology","Advertising","http://www.nasdaq.com/symbol/visn",
"VTSS","Vitesse Semiconductor Corporation","3.06","176049921.24","n/a","1991","Technology","Semiconductors","http://www.nasdaq.com/symbol/vtss",
"VOCS","Vocus, Inc.","10.57","223253715.93","n/a","2005","Technology","Computer Software: Prepackaged Software","http://www.nasdaq.com/symbol/vocs",
"WAVX","Wave Systems Corp.","1.29","41673330.03","n/a","1994","Technology","Computer peripheral equipment","http://www.nasdaq.com/symbol/wavx",
"WSTG","Wayside Technology Group, Inc.","13.35","62472032.55","n/a","n/a","Technology","Retail: Computer Software & Peripheral Equipment","http://www.nasdaq.com/symbol/wstg",
"WWWW","Web.com Group, Inc.","30.91","1559520034.16","n/a","n/a","Technology","Computer Software: Prepackaged Software","http://www.nasdaq.com/symbol/wwww",
"WDC","Western Digital Corporation","71.76","16923711629.76","n/a","1972","Technology","Electronic Components","http://www.nasdaq.com/symbol/wdc",
"WPPGY","WPP plc","103.96","1065306916.92","10247277","n/a","Technology","Advertising","http://www.nasdaq.com/symbol/wppgy",
"WSCI","WSI Industries Inc.","6.06","17601748.74","n/a","n/a","Technology","Industrial Machinery/Components","http://www.nasdaq.com/symbol/wsci",
"XLNX","Xilinx, Inc.","45.5","12116539890","n/a","1990","Technology","Semiconductors","http://www.nasdaq.com/symbol/xlnx",
"XPLR","Xplore Technologies Corp","4.0325","33850591.3975","n/a","n/a","Technology","Computer Manufacturing","http://www.nasdaq.com/symbol/xplr",
"XRSC","XRS Corporation","2.48","26979835.68","n/a","n/a","Technology","Computer Manufacturing","http://www.nasdaq.com/symbol/xrsc",
"XRTX","Xyratex Ltd.","10.76","296524080","n/a","2004","Technology","Electronic Components","http://www.nasdaq.com/symbol/xrtx",
"YHOO","Yahoo! Inc.","33.431","34110357535.735","n/a","1996","Technology","EDP Services","http://www.nasdaq.com/symbol/yhoo",
"YNDX","Yandex N.V.","40.805","13319127691.635","n/a","n/a","Technology","Computer Software: Programming, Data Processing","http://www.nasdaq.com/symbol/yndx",
"YY","YY Inc.","54.98","1039419221.88","18905406","n/a","Technology","EDP Services","http://www.nasdaq.com/symbol/yy",
"ZBRA","Zebra Technologies Corporation","47.9","2431825759.5","n/a","1991","Technology","Industrial Machinery/Components","http://www.nasdaq.com/symbol/zbra",
"ZIXI","Zix Corporation","4.83","299454493.8","n/a","n/a","Technology","EDP Services","http://www.nasdaq.com/symbol/zixi",
"ZNGA","Zynga Inc.","3.67","2951947379.45","n/a","n/a","Technology","EDP Services","http://www.nasdaq.com/symbol/znga",
